,City,Country,Date,Latitude,Longitude,Cloudiness (%),Humidity (%),Max Temp (F),Wind Speed (mph)
0,rikitea,PF,2021-01-24 15:43:16,-23.1203,-134.9692,0,67,80.31199999999995,4.19
1,atuona,PF,2021-01-24 15:43:16,-9.8,-139.0333,8,77,78.38599999999997,6.4
2,hamilton,US,2021-01-24 15:42:34,39.1834,-84.5333,90,93,33.27799999999996,2.06
3,marfino,RU,2021-01-24 15:43:16,55.7028,37.3822,75,100,38.26400000000003,4
4,cortez,US,2021-01-24 15:43:16,37.3489,-108.5859,90,80,35.86999999999996,6.69
5,tidore,,,,,,,,
6,curico,CL,2021-01-24 15:43:16,-34.9833,-71.2333,0,35,92.26400000000004,2.57
7,puerto del rosario,ES,2021-01-24 15:43:17,28.5004,-13.8627,20,77,64.66999999999996,2.57
8,castro,BR,2021-01-24 15:43:17,-24.7911,-50.0119,100,92,68.84600000000006,1.52
9,albany,US,2021-01-24 15:43:04,42.6001,-73.9662,43,37,23.26999999999996,4.02
10,santa eulalia del rio,,,,,,,,
11,ginda,IN,2021-01-24 15:43:17,30.6945,78.4932,0,51,39.07400000000001,3.25
12,darnah,LY,2021-01-24 15:43:17,32.767,22.6367,85,40,59.45,7.78
13,tuktoyaktuk,CA,2021-01-24 15:43:17,69.4541,-133.0374,90,77,-7.329999999999991,2.06
14,busselton,AU,2021-01-24 15:43:17,-33.65,115.3333,0,94,50.26999999999996,2.18
15,sangar,RU,2021-01-24 15:43:17,63.9242,127.4739,77,57,-56.47000000000001,1.49
16,dikson,RU,2021-01-24 15:43:17,73.5069,80.5464,100,89,-13.305999999999976,5.63
17,kumluca,TR,2021-01-24 15:43:17,36.3703,30.2869,58,75,55.00399999999995,1.05
18,cherskiy,RU,2021-01-24 15:43:17,68.75,161.3,100,86,-24.79000000000002,3.26
19,punta arenas,CL,2021-01-24 15:43:17,-53.15,-70.9167,75,62,57.469999999999956,13.89
20,ushuaia,AR,2021-01-24 15:40:39,-54.8,-68.3,40,41,61.069999999999965,6.17
21,bluff,NZ,2021-01-24 15:43:17,-46.6,168.3333,98,83,60.27799999999996,8.94
22,xai-xai,MZ,2021-01-24 15:43:17,-25.0519,33.6442,100,82,78.92599999999999,2.93
23,makubetsu,JP,2021-01-24 15:43:18,45.3714,141.8211,34,94,20.227999999999962,5.78
24,georgetown,MY,2021-01-24 15:40:17,5.4112,100.3354,40,89,79.06999999999996,1.54
25,husavik,IS,2021-01-24 15:43:18,66.0449,-17.3389,90,93,25.069999999999958,2.06
26,saint-francois,FR,2021-01-24 15:43:18,46.4154,3.9054,90,93,37.66999999999996,1.54
27,dunedin,NZ,2021-01-24 15:41:32,-45.8742,170.5036,73,70,62.27599999999999,3.58
28,avera,US,2021-01-24 15:43:18,33.194,-82.5271,90,47,57.469999999999956,2.06
29,ilheus,BR,2021-01-24 15:43:18,-14.7889,-39.0494,75,89,79.06999999999996,0.51
30,puerto ayora,EC,2021-01-24 15:43:18,-0.7393,-90.3518,75,70,84.46999999999997,7.2
31,mataura,NZ,2021-01-24 15:43:18,-46.1927,168.8643,95,83,60.27799999999996,8.94
32,teguise,ES,2021-01-24 15:43:18,29.0605,-13.564,0,72,64.66999999999996,3.09
33,hobart,AU,2021-01-24 15:43:18,-42.8794,147.3294,0,49,70.26799999999999,4.63
34,saint-philippe,RE,2021-01-24 15:43:18,-21.3585,55.7679,75,83,79.06999999999996,3.6
35,constantine,DZ,2021-01-24 15:42:52,36.365,6.6147,20,66,48.469999999999956,4.12
36,port alfred,ZA,2021-01-24 15:43:19,-33.5906,26.891,95,93,64.27400000000002,0.89
37,cape town,ZA,2021-01-24 15:37:58,-33.9258,18.4232,0,56,68.26999999999995,6.17
38,mar del plata,AR,2021-01-24 15:38:27,-38.0023,-57.5575,20,78,80.86999999999996,6.69
39,tabiauea,,,,,,,,
40,anadyr,RU,2021-01-24 15:43:19,64.75,177.4833,0,76,-16.32999999999999,3
41,kapaa,US,2021-01-24 15:43:19,22.0752,-159.319,40,78,77.26999999999995,8.23
42,hermanus,ZA,2021-01-24 15:39:00,-34.4187,19.2345,27,71,66.27200000000005,2.68
43,santa maria,BR,2021-01-24 15:43:19,-29.6842,-53.8069,75,100,71.86999999999996,1.03
44,komsomolskiy,UZ,2021-01-24 15:43:19,40.4272,71.7189,6,63,26.86999999999996,2.06
45,souillac,MU,2021-01-24 15:43:19,-20.5167,57.5167,75,83,79.06999999999996,3.09
46,tessalit,ML,2021-01-24 15:43:19,20.1986,1.0114,27,18,66.48800000000006,4.8
47,new norfolk,AU,2021-01-24 15:43:19,-42.7826,147.0587,0,49,70.26799999999999,4.63
48,vaini,TO,2021-01-24 15:43:19,-21.2,-175.2,75,89,79.06999999999996,2.06
49,half moon bay,US,2021-01-24 15:43:19,37.4636,-122.4286,75,81,52.26799999999999,2.57
50,san borja,BO,2021-01-24 15:43:19,-14.8167,-66.85,74,78,81.03200000000001,2.76
51,lompoc,US,2021-01-24 15:43:20,34.6391,-120.4579,75,67,55.66999999999996,6.17
52,fairbanks,US,2021-01-24 15:38:46,64.8378,-147.7164,97,84,9.266000000000009,1.01
53,bocas del toro,PA,2021-01-24 15:43:20,9.3333,-82.25,54,38,73.27400000000002,5.36
54,carnarvon,AU,2021-01-24 15:43:20,-24.8667,113.6333,10,68,73.66999999999996,7.2
55,butaritari,KI,2021-01-24 15:43:20,3.0707,172.7902,45,78,79.15999999999998,4.4
56,eyl,SO,2021-01-24 15:43:20,7.9803,49.8164,22,72,72.19399999999997,7.64
57,shache,CN,2021-01-24 15:43:20,38.4167,77.2406,0,77,20.714000000000034,1.35
58,guerrero negro,MX,2021-01-24 15:43:20,27.9769,-114.0611,10,47,63.23000000000005,9.57
59,honiara,SB,2021-01-24 15:43:20,-9.4333,159.95,100,72,80.24000000000002,0.43
60,paka,MY,2021-01-24 15:43:20,4.6374,103.4368,88,94,75.46999999999997,1.03
61,taolanaro,,,,,,,,
62,barrow,US,2021-01-24 15:43:20,71.2906,-156.7887,1,77,-3.7299999999999898,7.72
63,longyearbyen,SJ,2021-01-24 15:43:20,78.2186,15.6401,20,62,16.069999999999958,3.6
64,laguna,US,2021-01-24 15:43:20,38.421,-121.4238,90,71,53.27599999999999,3.6
65,hudson bay,CA,2021-01-24 15:43:20,52.85,-102.3842,29,86,-8.662000000000006,0.5
66,general roca,AR,2021-01-24 15:43:21,-39.0333,-67.5833,0,29,95.26999999999995,2.06
67,jamestown,US,2021-01-24 15:43:21,42.097,-79.2353,75,58,28.27400000000001,1.17
68,leningradskiy,RU,2021-01-24 15:43:21,69.3833,178.4167,0,84,-16.42000000000001,0.4
69,tiksi,RU,2021-01-24 15:43:21,71.6872,128.8694,47,78,-45.09400000000002,3.76
70,teahupoo,PF,2021-01-24 15:43:21,-17.8333,-149.2667,20,58,88.06999999999996,7.72
71,ribeira grande,PT,2021-01-24 15:43:21,38.5167,-28.7,75,94,64.66999999999996,9.77
72,mandalgovi,MN,2021-01-24 15:43:21,45.7625,106.2708,37,91,3.109999999999978,6.96
73,kaitangata,NZ,2021-01-24 15:43:21,-46.2817,169.8464,99,79,58.60399999999996,2.98
74,coffs harbour,AU,2021-01-24 15:42:20,-30.3,153.1333,14,73,73.66999999999996,2.57
75,imbituba,BR,2021-01-24 15:43:21,-28.24,-48.6703,90,94,73.66999999999996,2.57
76,lasa,IT,2021-01-24 15:43:21,46.6166,10.7002,0,74,32.26999999999996,2.06
77,bredasdorp,ZA,2021-01-24 15:43:21,-34.5322,20.0403,78,60,68.26999999999995,7.2
78,luderitz,NA,2021-01-24 15:43:21,-26.6481,15.1594,100,56,69.40399999999995,11.74
79,sabya,SA,2021-01-24 15:43:21,17.1495,42.6254,35,78,77.26999999999995,2.06
80,east london,ZA,2021-01-24 15:43:22,-33.0153,27.9116,90,63,69.18800000000005,4.02
81,hilo,US,2021-01-24 15:40:52,19.7297,-155.09,90,73,75.46999999999997,2.06
82,lorengau,PG,2021-01-24 15:43:22,-2.0226,147.2712,100,71,81.66199999999995,0.68
83,kutno,PL,2021-01-24 15:43:22,52.2306,19.3641,100,93,34.26799999999999,3.09
84,bengkulu,ID,2021-01-24 15:42:26,-3.8004,102.2655,98,79,77.80999999999997,2.2
85,hithadhoo,MV,2021-01-24 15:43:22,-0.6,73.0833,99,69,82.14800000000002,1.39
86,malwan,,,,,,,,
87,kutum,SD,2021-01-24 15:43:22,14.2,24.6667,0,30,61.03399999999999,3.21
88,novoagansk,RU,2021-01-24 15:43:22,61.9449,76.6625,93,77,-47.32599999999999,0.6
89,nouadhibou,MR,2021-01-24 15:43:22,20.931,-17.0347,99,64,70.06999999999996,4.63
90,requena,ES,2021-01-24 15:43:22,39.4883,-1.1004,0,62,58.26199999999996,5.14
91,kedrovoye,RU,2021-01-24 15:43:22,57.1576,60.5698,90,78,1.669999999999959,2
92,homer,US,2021-01-24 15:40:32,59.6425,-151.5483,90,75,37.66999999999996,2.57
93,alofi,NU,2021-01-24 15:43:23,-19.0595,-169.9187,75,89,80.86999999999996,1.03
94,fortuna,US,2021-01-24 15:43:23,40.5982,-124.1573,90,100,46.274000000000015,4.12
95,jalu,LY,2021-01-24 15:43:23,29.0331,21.5482,0,34,57.07400000000001,4.58
96,karratha,AU,2021-01-24 15:43:23,-20.7377,116.8463,3,40,81.75199999999998,6.87
97,khatanga,RU,2021-01-24 15:43:23,71.9667,102.5,100,87,-18.70599999999998,4.54
98,port augusta,AU,2021-01-24 15:43:23,-32.5,137.7667,100,50,79.06999999999996,0.51
99,hambantota,LK,2021-01-24 15:43:23,6.1241,81.1185,92,80,74.58800000000005,6.27
100,sitka,US,2021-01-24 15:43:23,57.0531,-135.33,75,87,37.66999999999996,1.54
101,saint anthony,US,2021-01-24 15:43:23,45.0205,-93.218,1,63,28.66999999999996,2.06
102,lubao,PH,2021-01-24 15:43:23,14.9167,120.55,40,83,77.26999999999995,2.06
103,belushya guba,,,,,,,,
104,lebu,CL,2021-01-24 15:43:23,-37.6167,-73.65,0,65,60.242,8.02
105,nikolskoye,RU,2021-01-24 15:43:23,59.7035,30.7861,90,87,35.86999999999996,5
106,iacu,BR,2021-01-24 15:43:23,-12.7672,-40.2117,100,57,80.33000000000004,4.42
107,bathsheba,BB,2021-01-24 15:43:24,13.2167,-59.5167,40,65,80.86999999999996,7.72
108,rawson,AR,2021-01-24 15:40:45,-43.3002,-65.1023,1,52,79.60999999999999,6.05
109,saskylakh,RU,2021-01-24 15:43:24,71.9167,114.0833,1,79,-38.2,3.01
110,matamoros,MX,2021-01-24 15:43:24,25.5333,-103.25,30,11,85.26199999999996,4.02
111,yellowknife,CA,2021-01-24 15:40:47,62.456,-114.3525,75,77,-12.72999999999999,5.14
112,nizhneyansk,,,,,,,,
113,rivas,NI,2021-01-24 15:43:24,11.4372,-85.8263,0,62,86.26999999999995,3.09
114,qaanaaq,GL,2021-01-24 15:43:24,77.484,-69.3632,0,79,7.988000000000046,1.39
115,avarua,CK,2021-01-24 15:43:24,-21.2078,-159.775,40,74,84.46999999999997,6.17
116,melendugno,IT,2021-01-24 15:43:24,40.2747,18.3368,40,82,56.26400000000004,7.72
117,cidreira,BR,2021-01-24 15:43:24,-30.1811,-50.2056,4,80,78.70999999999998,5.42
118,vaitupu,,,,,,,,
119,san pedro,PH,2021-01-24 15:43:24,14.35,121.0167,40,89,79.26799999999999,3.41
120,jardim,BR,2021-01-24 15:40:28,-21.4803,-56.1381,100,88,80.00600000000003,1.78
121,tasiilaq,GL,2021-01-24 15:43:24,65.6145,-37.6368,21,52,14.269999999999957,2.06
122,newport,GB,2021-01-24 15:41:05,51.5877,-2.9984,36,95,36.266000000000005,0.89
123,jaragua,BR,2021-01-24 15:43:25,-15.7569,-49.3344,75,42,82.66999999999996,3.6
124,naze,JP,2021-01-24 15:43:25,28.3667,129.4833,89,85,62.76199999999996,6.68
125,barentsburg,,,,,,,,
126,pisco,PE,2021-01-24 15:39:24,-13.7,-76.2167,0,51,82.66999999999996,5.14
127,comodoro rivadavia,AR,2021-01-24 15:43:25,-45.8667,-67.5,40,50,79.06999999999996,5.66
128,vanimo,PG,2021-01-24 15:43:25,-2.6741,141.3028,82,84,77.792,2.21
129,kwidzyn,PL,2021-01-24 15:43:25,53.7249,18.9311,100,93,35.27599999999999,2.28
130,pevek,RU,2021-01-24 15:43:25,69.7008,170.3133,100,89,-17.644000000000027,3.87
131,nguiu,,,,,,,,
132,victoria,HK,2021-01-24 15:41:29,22.2855,114.1577,89,75,64.27400000000002,0.45
133,tuatapere,NZ,2021-01-24 15:43:25,-46.1333,167.6833,99,83,60.27799999999996,8.94
134,santa marta,CO,2021-01-24 15:43:25,11.2408,-74.199,74,60,89.27599999999998,5.81
135,los llanos de aridane,ES,2021-01-24 15:43:25,28.6585,-17.9182,40,82,64.66999999999996,3.09
136,mount isa,AU,2021-01-24 15:43:10,-20.7333,139.5,82,65,77.26999999999995,0.51
137,rio grande,BR,2021-01-24 15:41:23,-32.035,-52.0986,20,69,82.66999999999996,4.12
138,yeppoon,AU,2021-01-24 15:43:26,-23.1333,150.7333,40,83,73.66999999999996,3.6
139,constitucion,CL,2021-01-24 15:43:26,-35.3333,-72.4167,19,67,65.87599999999999,4.71
140,haines junction,CA,2021-01-24 15:43:26,60.7522,-137.5108,100,86,17.86999999999996,2.06
141,kamenskoye,,,,,,,,
142,bambous virieux,MU,2021-01-24 15:43:26,-20.3428,57.7575,75,83,79.06999999999996,3.09
143,mazara del vallo,IT,2021-01-24 15:42:10,37.6641,12.588,20,82,57.469999999999956,9.77
144,arraial do cabo,BR,2021-01-24 15:43:26,-22.9661,-42.0278,0,83,82.66999999999996,8.23
145,chuy,UY,2021-01-24 15:43:26,-33.6971,-53.4616,0,70,78.06199999999995,4.71
146,chokurdakh,RU,2021-01-24 15:43:26,70.6333,147.9167,100,82,-31.251999999999974,5.41
147,abu samrah,SY,2021-01-24 15:43:26,35.3029,37.1841,0,65,41.791999999999994,1.4
148,taoudenni,ML,2021-01-24 15:43:26,22.6783,-3.9836,14,20,71.40199999999999,4.79
149,palmas de monte alto,BR,2021-01-24 15:43:26,-14.2672,-43.1619,71,49,82.23800000000006,4
150,chapais,CA,2021-01-24 15:43:26,49.7834,-74.8492,90,78,5.269999999999957,3.6
151,srednekolymsk,RU,2021-01-24 15:43:26,67.45,153.6833,100,84,-28.317999999999984,3.84
152,lazaro cardenas,MX,2021-01-24 15:43:27,17.9583,-102.2,79,65,82.184,3.79
153,gasa,PS,2021-01-24 15:41:48,31.5,34.4667,0,100,53.27599999999999,1.34
154,cayenne,GF,2021-01-24 15:42:07,4.9333,-52.3333,75,69,82.66999999999996,5.14
155,la libertad,EC,2021-01-24 15:43:27,-2.2333,-80.9,0,74,82.66999999999996,4.12
156,flinders,AU,2021-01-24 15:43:27,-34.5833,150.8552,53,87,74.26400000000004,0.45
157,faanui,PF,2021-01-24 15:43:27,-16.4833,-151.75,0,73,81.59000000000003,5.68
158,higuey,,,,,,,,
159,loiza,PR,2021-01-24 15:43:27,18.4313,-65.8802,40,69,80.86999999999996,6.17
160,udachnyy,RU,2021-01-24 15:43:27,66.4167,112.4,2,79,-38.775999999999996,1.32
161,tevaitoa,PF,2021-01-24 15:43:27,-16.7833,-151.5,3,72,81.75199999999998,5.82
162,krasnopavlivka,UA,2021-01-24 15:43:27,49.1372,36.3272,99,88,34.66400000000003,6.36
163,esperance,AU,2021-01-24 15:43:27,-33.8667,121.9,75,94,57.469999999999956,1.54
164,chernyshevskiy,RU,2021-01-24 15:43:27,63.0128,112.4714,66,76,-49.900000000000006,0.87
165,san juan de los morros,VE,2021-01-24 15:43:27,9.9115,-67.3538,92,47,84.41600000000001,2.14
166,umm kaddadah,SD,2021-01-24 15:43:27,13.6017,26.6876,20,23,70.592,6.71
167,halifax,CA,2021-01-24 15:41:52,44.6453,-63.5724,98,93,26.27599999999999,3.6
168,vao,NC,2021-01-24 15:43:28,-22.6667,167.4833,99,75,76.64000000000001,10.49
169,billings,US,2021-01-24 15:43:28,45.7833,-108.5007,20,44,42.27799999999996,8.23
170,moose factory,CA,2021-01-24 15:43:28,51.2585,-80.6094,1,51,7.069999999999958,2.57
171,mahebourg,MU,2021-01-24 15:43:28,-20.4081,57.7,75,83,79.06999999999996,3.09
172,tautira,PF,2021-01-24 15:43:28,-17.7333,-149.15,20,58,88.06999999999996,7.72
173,houston,US,2021-01-24 15:41:35,29.7633,-95.3633,90,73,77.26999999999995,9.77
174,aflu,,,,,,,,
175,raton,US,2021-01-24 15:43:28,36.9034,-104.4391,40,52,44.27599999999999,6.17
176,ilulissat,GL,2021-01-24 15:43:28,69.2167,-51.1,0,41,17.86999999999996,4.63
177,cumaribo,,,,,,,,
178,sirjan,IR,2021-01-24 15:41:25,29.452,55.6814,0,54,40.45999999999998,1.74
179,nyurba,RU,2021-01-24 15:43:28,63.2842,118.3319,23,75,-48.262000000000015,2.1
180,saint george,US,2021-01-24 15:43:28,37.1041,-113.5841,1,53,50.26999999999996,1.54
181,kavieng,PG,2021-01-24 15:43:29,-2.5744,150.7967,80,72,83.24600000000005,2.86
182,ballina,AU,2021-01-24 15:42:37,-28.8667,153.5667,75,94,68.26999999999995,0.51
183,egvekinot,RU,2021-01-24 15:43:29,66.3167,-179.1667,0,86,-2.7400000000000233,3.49
184,kodiak,US,2021-01-24 15:43:29,57.79,-152.4072,1,51,35.86999999999996,9.77
185,roma,US,2021-01-24 15:42:05,43.2128,-75.4557,1,49,20.26400000000003,4.63
186,san buenaventura,MX,2021-01-24 15:43:29,27.0833,-101.5333,40,38,85.26199999999996,3.09
187,quelimane,MZ,2021-01-24 15:43:10,-17.8786,36.8883,75,89,84.46999999999997,2.57
188,vardo,NO,2021-01-24 15:43:29,70.3705,31.1107,75,93,23.26999999999996,7.72
189,coahuayana,MX,2021-01-24 15:43:29,18.7333,-103.6833,40,42,82.66999999999996,3.09
190,raga,SS,2021-01-24 15:43:29,8.4596,25.678,65,26,70.91600000000001,1.19
191,narva-joesuu,EE,2021-01-24 15:43:29,59.4589,28.0408,100,95,35.54600000000005,4.64
192,inhambane,MZ,2021-01-24 15:43:29,-23.865,35.3833,100,78,78.92599999999999,3.02
193,arcata,US,2021-01-24 15:43:29,40.8665,-124.0828,90,87,46.274000000000015,2.06
194,samusu,,,,,,,,
195,meyungs,,,,,,,,
196,taltal,CL,2021-01-24 15:43:29,-25.4,-70.4833,22,52,72.62599999999999,3.38
197,umzimvubu,,,,,,,,
198,hit,IQ,2021-01-24 15:43:30,33.6416,42.8251,5,48,46.742,0.95
199,sorvag,,,,,,,,
200,ruatoria,,,,,,,,
201,paraiso,CR,2021-01-24 15:43:30,9.8383,-83.8656,20,44,79.06999999999996,6.17
202,port elizabeth,ZA,2021-01-24 15:42:16,-33.918,25.5701,90,77,66.46999999999997,4.12
203,san juan,AR,2021-01-24 15:40:01,-31.5375,-68.5364,7,14,100.70600000000003,5.98
204,codrington,AU,2021-01-24 15:43:30,-38.2667,141.9667,65,50,70.06999999999996,2.46
205,les cayes,HT,2021-01-24 15:43:30,18.2,-73.75,73,75,80.18599999999998,2.17
206,agadir,MA,2021-01-24 15:39:19,30.4202,-9.5982,80,100,55.66999999999996,2.31
207,valdivia,CL,2021-01-24 15:41:40,-39.8142,-73.2459,0,27,79.06999999999996,6.17
208,azimur,,,,,,,,
209,tadine,NC,2021-01-24 15:43:30,-21.55,167.8833,100,78,76.92799999999997,9.07
210,dharchula,IN,2021-01-24 15:43:30,29.85,80.5333,0,44,45.23000000000004,2.98
211,maceio,BR,2021-01-24 15:43:30,-9.6658,-35.7353,40,65,82.66999999999996,6.17
212,sanchursk,RU,2021-01-24 15:43:30,56.9413,47.2499,100,97,33.908,4.27
213,hofn,IS,2021-01-24 15:43:30,64.2539,-15.2082,0,88,28.561999999999955,8.9
214,arlit,NE,2021-01-24 15:43:31,18.7369,7.3853,0,21,63.877999999999965,4.35
215,thompson,CA,2021-01-24 15:42:11,55.7435,-97.8558,75,71,-7.329999999999991,4.63
216,chizhou,CN,2021-01-24 15:39:09,30.6578,117.4831,100,89,45.10399999999995,0.89
217,hasaki,JP,2021-01-24 15:43:31,35.7333,140.8333,75,93,39.469999999999956,4.12
218,ostersund,SE,2021-01-24 15:43:31,63.1792,14.6357,90,92,16.069999999999958,1.03
219,sao jose da coroa grande,BR,2021-01-24 15:43:31,-8.8978,-35.1478,96,78,79.142,5.15
220,te anau,NZ,2021-01-24 15:43:31,-45.4167,167.7167,100,86,57.092,2.75
221,olafsvik,IS,2021-01-24 15:43:31,64.8945,-23.7142,72,91,28.093999999999973,12.78
222,placerville,US,2021-01-24 15:43:31,38.7296,-120.7986,90,75,48.272000000000034,3.6
223,geraldton,AU,2021-01-24 15:43:31,-28.7667,114.6,39,66,69.94399999999997,4.51
224,miloi,,,,,,,,
225,marcona,,,,,,,,
226,quatre cocos,MU,2021-01-24 15:43:31,-20.2078,57.7625,75,83,79.06999999999996,3.09
227,sentyabrskiy,,,,,,,,
228,deder,ET,2021-01-24 15:43:32,9.3167,41.45,43,56,54.91400000000003,1.64
229,san patricio,US,2021-01-24 15:43:32,28.017,-97.5169,75,78,79.06999999999996,9.26
230,tomohon,ID,2021-01-24 15:43:32,1.3346,124.8392,75,100,73.66999999999996,1.03
231,adrar,MR,2021-01-24 15:43:32,20.5022,-10.0711,100,17,69.13399999999999,3.87
232,skalistyy,,,,,,,,
233,hirara,JP,2021-01-24 15:43:32,24.8,125.2833,100,59,65.37200000000004,2.09
234,fort frances,CA,2021-01-24 15:43:32,48.5999,-93.4003,1,60,5.269999999999957,6.69
235,bilibino,RU,2021-01-24 15:43:32,68.0546,166.4372,100,82,-28.929999999999993,0.77
236,non thai,TH,2021-01-24 15:43:32,15.1981,102.0358,35,99,71.27599999999998,0.83
237,san andres,CO,2021-01-24 15:43:32,12.5847,-81.7006,40,66,86.26999999999995,5.14
238,mundi,IN,2021-01-24 15:43:32,22.0667,76.5,0,41,60.02599999999999,3.45
239,jubayl,,,,,,,,
240,coolum beach,AU,2021-01-24 15:43:32,-26.5333,153.1,91,99,71.27599999999998,2.75
241,moron,AR,2021-01-24 15:38:59,-34.6534,-58.6198,0,32,96.27799999999996,2.24
242,jackson,US,2021-01-24 15:40:14,42.4165,-122.8345,90,86,37.274000000000015,0.44
243,lewiston,US,2021-01-24 15:43:33,44.1003,-70.2148,1,50,25.069999999999958,7.2
244,xiaoweizhai,CN,2021-01-24 15:43:33,26.1903,107.5125,93,90,50.18000000000004,1.2
245,salalah,OM,2021-01-24 15:43:33,17.0151,54.0924,0,37,71.86999999999996,4.63
246,arman,RU,2021-01-24 15:43:33,59.7,150.1667,99,77,-18.004000000000005,4.84
247,hami,CN,2021-01-24 15:43:33,42.8,93.45,18,81,17.761999999999954,2.37
248,kavaratti,IN,2021-01-24 15:43:33,10.5669,72.642,0,77,81.46400000000003,4.58
249,puerto baquerizo moreno,EC,2021-01-24 15:43:33,-0.9,-89.6,75,79,84.46999999999997,7.2
250,bethel,US,2021-01-24 15:43:33,41.3712,-73.414,1,27,30.46999999999996,5.14
251,krasnoarmeysk,RU,2021-01-24 15:43:33,51.0239,45.6969,99,99,27.301999999999975,3.83
252,birao,CF,2021-01-24 15:43:33,10.2849,22.7882,67,17,77.35999999999999,3.06
253,coihaique,CL,2021-01-24 15:43:33,-45.5752,-72.0662,75,41,61.069999999999965,4.12
254,asyut,EG,2021-01-24 15:43:33,27.181,31.1837,0,71,50.26999999999996,3.6
255,loikaw,MM,2021-01-24 15:43:33,19.6742,97.2094,100,51,55.07599999999999,1.41
256,sao sebastiao,BR,2021-01-24 15:43:33,-23.76,-45.4097,92,81,78.27799999999996,1.42
257,nishihara,JP,2021-01-24 15:43:34,26.1842,127.7558,75,82,64.66999999999996,2.57
258,maniwaki,CA,2021-01-24 15:43:34,46.3834,-75.966,28,52,14.269999999999957,3.09
259,eirunepe,BR,2021-01-24 15:43:34,-6.6603,-69.8736,25,79,83.10199999999998,0.28
260,kalemie,CD,2021-01-24 15:43:34,-5.9475,29.1947,100,83,70.32200000000003,1.91
261,ponta delgada,PT,2021-01-24 15:43:34,37.7333,-25.6667,75,94,64.27400000000002,7.72
262,clyde river,CA,2021-01-24 15:43:34,70.4692,-68.5914,20,92,10.669999999999959,10.8
263,palmer,US,2021-01-24 15:40:51,42.1584,-72.3287,20,34,28.27400000000001,1.34
264,sandwick,GB,2021-01-24 15:43:34,60,-1.25,20,93,35.86999999999996,3.6
265,kleck,,,,,,,,
266,airai,TL,2021-01-24 15:43:34,-8.9266,125.4092,96,100,61.37599999999999,0.66
267,ahipara,NZ,2021-01-24 15:43:34,-35.1667,173.1667,40,85,69.83599999999997,3.93
268,inyonga,TZ,2021-01-24 15:43:34,-6.7167,32.0667,100,92,64.74199999999999,0.93
269,pochutla,MX,2021-01-24 15:43:34,15.7432,-96.4661,90,57,85.26199999999996,2.57
270,marquette,US,2021-01-24 15:43:35,46.5333,-87.6335,66,60,28.27400000000001,0.89
271,maumere,ID,2021-01-24 15:43:02,-8.6199,122.2111,100,79,80.34800000000003,1.69
272,goderich,CA,2021-01-24 15:43:35,43.7501,-81.7165,99,80,25.069999999999958,4.12
273,kuanshan,,,,,,,,
274,iqaluit,CA,2021-01-24 15:43:35,63.7506,-68.5145,40,78,1.669999999999959,4.12
275,ravar,IR,2021-01-24 15:43:35,31.2656,56.8055,0,60,36.932000000000016,0.2
276,mehamn,NO,2021-01-24 15:43:35,71.0357,27.8492,40,73,21.469999999999956,2.57
277,el faiyum,,,,,,,,
278,severo-kurilsk,RU,2021-01-24 15:43:35,50.6789,156.125,100,95,16.556000000000026,3.75
279,margate,GB,2021-01-24 15:43:35,51.3813,1.3862,92,86,36.266000000000005,1.21
280,visimo-utkinsk,,,,,,,,
281,kasongo-lunda,CD,2021-01-24 15:43:35,-6.4667,16.8167,99,93,69.31400000000004,0.81
282,illoqqortoormiut,,,,,,,,
283,torbay,CA,2021-01-24 15:43:35,47.6666,-52.7314,20,80,29.26400000000003,2.06
284,itarema,BR,2021-01-24 15:43:35,-2.9248,-39.9167,98,73,81.42799999999997,7.02
285,rudnogorsk,RU,2021-01-24 15:43:35,57.2639,103.7519,100,92,-8.608000000000004,0.77
286,nelson bay,AU,2021-01-24 15:41:01,-32.7167,152.15,0,94,74.26400000000004,2.06
287,bolshaya martynovka,RU,2021-01-24 15:43:36,47.271,41.6679,100,98,31.135999999999967,4.26
288,dubenskiy,,,,,,,,
289,pacific grove,US,2021-01-24 15:43:36,36.6177,-121.9166,90,76,53.27599999999999,4.63
290,xichang,CN,2021-01-24 15:39:10,27.8964,102.2634,17,72,44.36600000000001,0.59
291,kruisfontein,ZA,2021-01-24 15:43:32,-34.0033,24.7314,70,83,64.27400000000002,1.79
292,saint-pierre,RE,2021-01-24 15:43:36,-21.3393,55.4781,75,83,79.06999999999996,3.6
293,atbasar,KZ,2021-01-24 15:41:10,51.8,68.3333,100,94,2.1560000000000272,5
294,kollam,IN,2021-01-24 15:43:36,8.8833,76.6,20,69,79.06999999999996,3.74
295,visby,SE,2021-01-24 15:43:36,57.6409,18.296,90,87,36.266000000000005,5.14
296,klaksvik,FO,2021-01-24 15:43:36,62.2266,-6.589,20,75,35.86999999999996,9.26
297,uglegorsk,RU,2021-01-24 15:43:36,49.0833,142.0333,67,89,-3.4059999999999775,5.01
298,northam,GB,2021-01-24 15:43:36,51.0333,-4.2167,97,84,38.26400000000003,5.36
299,natal,BR,2021-01-24 15:42:35,-5.795,-35.2094,75,89,79.06999999999996,3.09
300,pastavy,BY,2021-01-24 15:43:37,55.1168,26.8326,100,96,37.20199999999998,5.13
301,uruacu,BR,2021-01-24 15:43:37,-14.5247,-49.1408,86,76,77.95399999999995,1.39
302,gidam,IN,2021-01-24 15:43:37,18.9833,81.4,0,55,64.13000000000005,1.04
303,cocachacra,PE,2021-01-24 15:43:37,-17.0883,-71.7575,55,63,74.65999999999998,3.53
304,pitimbu,BR,2021-01-24 15:41:24,-7.4706,-34.8086,75,78,80.86999999999996,3.6
305,ostrovnoy,RU,2021-01-24 15:43:37,68.0531,39.5131,100,95,13.406000000000027,4.91
306,narsaq,GL,2021-01-24 15:43:37,60.9167,-46.05,0,29,28.66999999999996,14.92
307,tsihombe,,,,,,,,
308,mansa,IN,2021-01-24 15:43:25,29.9833,75.3833,0,63,46.23800000000004,1.04
309,mocambique,,,,,,,,
310,strezhevoy,RU,2021-01-24 15:43:37,60.7333,77.5889,40,65,-50.52999999999999,0.99
311,suntar,RU,2021-01-24 15:43:37,62.1444,117.6319,0,74,-46.84000000000002,1.41
312,port hedland,AU,2021-01-24 15:43:37,-20.3167,118.5667,93,74,80.86999999999996,5.66
313,torres,BR,2021-01-24 15:43:37,-29.3353,-49.7269,98,85,77.91799999999998,4.95
314,kigoma,TZ,2021-01-24 15:43:38,-4.8769,29.6267,75,88,75.46999999999997,4.11
315,mpulungu,ZM,2021-01-24 15:43:38,-8.7623,31.1141,100,68,73.99399999999997,2.17
316,tigil,RU,2021-01-24 15:43:38,57.8,158.6667,100,90,-12.424000000000014,2.03
317,ugoofaaru,MV,2021-01-24 15:43:38,5.6667,73,83,79,81.26600000000002,5.61
318,three hills,CA,2021-01-24 15:39:10,51.7001,-113.2686,100,78,1.669999999999959,5.14
319,vetluga,RU,2021-01-24 15:43:38,57.8557,45.781,100,98,33.601999999999975,3.28
320,nome,US,2021-01-24 15:43:38,64.5011,-165.4064,90,86,16.069999999999958,4.12
321,touros,BR,2021-01-24 15:43:38,-5.1989,-35.4608,75,94,77.26999999999995,4.12
322,provideniya,RU,2021-01-24 15:43:38,64.3833,-173.3,40,72,5.269999999999957,3
323,upernavik,GL,2021-01-24 15:43:38,72.7868,-56.1549,34,94,14.666000000000007,6.63
324,vilhena,BR,2021-01-24 15:43:38,-12.7406,-60.1458,40,88,73.66999999999996,2.57
325,opuwo,NA,2021-01-24 15:43:38,-18.0607,13.84,84,70,68.9,4.77
326,makakilo city,US,2021-01-24 15:41:27,21.3469,-158.0858,20,57,80.86999999999996,4.63
327,kodinsk,RU,2021-01-24 15:43:38,58.6881,99.1844,100,90,-3.7660000000000124,0.33
328,broken hill,AU,2021-01-24 15:43:38,-31.95,141.4333,100,19,86.26999999999995,4.12
329,vila franca do campo,PT,2021-01-24 15:43:39,37.7167,-25.4333,75,94,64.27400000000002,7.72
330,marieville,CA,2021-01-24 15:43:39,45.4334,-73.1658,86,60,14.269999999999957,8.49
331,kasamwa,TZ,2021-01-24 15:43:39,-2.85,32.4333,100,82,65.91199999999995,0.9
332,dumas,US,2021-01-24 15:43:39,35.8656,-101.9732,40,60,39.469999999999956,5.14
333,indianola,US,2021-01-24 15:43:39,41.3581,-93.5574,37,76,31.261999999999954,3.69
334,exmouth,GB,2021-01-24 15:43:39,50.6172,-3.4023,50,94,37.274000000000015,7.81
335,goundam,ML,2021-01-24 15:43:39,16.4145,-3.6708,0,15,71.6,4.88
336,neyshabur,IR,2021-01-24 15:43:39,36.2133,58.7958,0,66,30.70399999999995,0.83
337,tarakan,ID,2021-01-24 15:43:39,3.3,117.6333,75,94,75.46999999999997,3.09
338,yerbogachen,RU,2021-01-24 15:43:39,61.2767,108.0108,97,82,-34.438,1.27
339,kyren,RU,2021-01-24 15:43:39,51.6828,102.1408,100,87,2.983999999999991,0.36
340,mys shmidta,,,,,,,,
341,sao gabriel da cachoeira,BR,2021-01-24 15:43:39,-0.1303,-67.0892,100,89,79.826,0.87
342,chester,US,2021-01-24 15:42:23,40.1254,-75.8749,1,40,32.26999999999996,4.12
343,matara,LK,2021-01-24 15:43:40,5.9485,80.5353,97,83,72.842,3.96
344,beruni,,,,,,,,
345,pathein,MM,2021-01-24 15:43:40,16.7833,94.7333,71,83,63.842,2.42
346,bardiyah,LY,2021-01-24 15:43:40,31.7561,25.0865,0,38,58.92799999999997,7.62
347,yar-sale,RU,2021-01-24 15:43:40,66.8333,70.8333,100,80,-33.213999999999984,4.9
348,najran,SA,2021-01-24 15:43:40,17.4924,44.1277,54,28,53.86999999999996,0.68
349,tilichiki,RU,2021-01-24 15:43:40,60.4667,166.1,100,91,-9.148000000000025,7.05
350,aasiaat,GL,2021-01-24 15:43:40,68.7098,-52.8699,0,84,11.191999999999997,1.45
351,buluang,PH,2021-01-24 15:43:40,13.3068,123.3425,10,92,74.65999999999998,1.2
352,kargil,IN,2021-01-24 15:43:40,34.5667,76.1,59,80,-7.690000000000019,0.78
353,shimoda,JP,2021-01-24 15:43:40,34.6667,138.95,81,90,40.26199999999996,0.89
354,kahului,US,2021-01-24 15:42:50,20.8947,-156.47,20,61,79.06999999999996,7.63
355,paamiut,GL,2021-01-24 15:43:40,61.994,-49.6678,0,79,21.182000000000016,6.24
356,dingle,PH,2021-01-24 15:43:40,10.9995,122.6711,0,92,75.2,3.2
357,henties bay,NA,2021-01-24 15:43:40,-22.116,14.2845,98,87,70.26799999999999,1.34
358,mayor pablo lagerenza,PY,2021-01-24 15:43:41,-19.9309,-60.7718,60,41,93.25399999999996,4.78
359,cabo san lucas,MX,2021-01-24 15:39:18,22.8909,-109.9124,20,52,72.26600000000002,9.26
360,blythe,US,2021-01-24 15:43:41,33.6103,-114.5964,90,62,55.66999999999996,2.57
361,maykop,RU,2021-01-24 15:43:41,44.6078,40.1058,100,74,38.227999999999966,2.03
362,yinchuan,CN,2021-01-24 15:43:41,38.4681,106.2731,32,87,26.527999999999963,0.37
363,samarai,PG,2021-01-24 15:43:41,-10.6167,150.6667,81,85,78.61999999999996,6.02
364,gravdal,NO,2021-01-24 15:43:41,68.1214,13.5031,75,80,25.069999999999958,5.64
365,aquiraz,BR,2021-01-24 15:43:41,-3.9014,-38.3911,20,74,82.66999999999996,5.14
366,attawapiskat,,,,,,,,
367,cururupu,BR,2021-01-24 15:43:41,-1.8283,-44.8683,100,90,77.70199999999997,1.72
368,khonuu,,,,,,,,
369,dossor,KZ,2021-01-24 15:43:41,47.5272,52.9811,100,99,31.04600000000005,7.06
370,nanortalik,GL,2021-01-24 15:43:41,60.1432,-45.2371,0,88,21.398000000000025,5.56
371,havre-saint-pierre,CA,2021-01-24 15:43:41,50.2334,-63.5986,90,64,35.86999999999996,6.69
372,khirkiya,IN,2021-01-24 15:43:41,22.1674,76.8605,0,45,59.161999999999956,3.52
373,nanga eboko,CM,2021-01-24 15:43:41,4.6833,12.3667,0,30,73.52599999999998,0.99
374,parli,IN,2021-01-24 15:43:42,18.8486,76.5297,71,36,68.32400000000001,1.31
375,kijang,KR,2021-01-24 15:43:42,35.2442,129.2139,75,61,46.66999999999996,3.09
376,san jose,US,2021-01-24 15:42:35,37.3394,-121.895,90,66,52.26799999999999,2.57
377,alyangula,AU,2021-01-24 15:43:42,-13.8483,136.4192,75,94,79.06999999999996,3.6
378,domoni,KM,2021-01-24 15:43:42,-12.2569,44.5319,13,76,79.26799999999999,1.5
379,warqla,,,,,,,,
380,murray bridge,AU,2021-01-24 15:43:42,-35.1167,139.2667,100,53,78.27799999999996,4.92
381,sombor,RS,2021-01-24 15:43:42,45.7742,19.1122,90,93,37.66999999999996,10.8
382,russell,US,2021-01-24 15:43:42,32.3502,-85.1999,90,63,62.27599999999999,3.6
383,dongying,CN,2021-01-24 15:43:42,37.4564,118.4856,100,84,35.47400000000001,1.96
384,karema,TZ,2021-01-24 15:43:42,-6.8205,30.4389,100,75,73.70600000000003,1.65
385,brae,GB,2021-01-24 15:43:42,60.3964,-1.353,20,93,35.86999999999996,3.6
386,leshukonskoye,RU,2021-01-24 15:43:42,64.8989,45.7622,100,98,27.716000000000008,3.45
387,vestmannaeyjar,IS,2021-01-24 15:43:39,63.4427,-20.2734,100,90,32.21600000000001,4.43
388,bakchar,RU,2021-01-24 15:43:42,57.0186,82.0711,55,78,-45.11200000000001,1.59
389,plettenberg bay,ZA,2021-01-24 15:43:43,-34.0527,23.3716,39,79,64.52599999999998,6.28
390,byron bay,AU,2021-01-24 15:43:37,-28.65,153.6167,75,94,68.26999999999995,0.51
391,phan thiet,VN,2021-01-24 15:40:10,10.9333,108.1,37,87,71.18599999999998,1.87
392,gamba,GA,2021-01-24 15:43:43,-2.65,10,85,89,77.9,2.61
393,weligama,LK,2021-01-24 15:42:31,5.9667,80.4167,99,85,72.48200000000003,3.54
394,niquero,CU,2021-01-24 15:43:43,20.0431,-77.5828,48,63,81.842,0.78
395,grand-santi,GF,2021-01-24 15:43:43,4.25,-54.3833,98,94,77.37799999999996,1.32
396,solnechnyy,RU,2021-01-24 15:43:43,50.7214,136.6319,0,82,-10.659999999999982,0.94
397,kazuno,JP,2021-01-24 15:43:28,40.1836,140.7872,0,87,23.125999999999987,0.52
398,waitati,NZ,2021-01-24 15:43:43,-45.75,170.5667,37,70,62.27599999999999,3.58
399,saleaula,,,,,,,,
400,payo,ID,2021-01-24 15:43:43,-3.7508,103.6372,98,92,74.30000000000001,0.26
401,asosa,ET,2021-01-24 15:43:43,10.0667,34.5333,37,46,68.19800000000004,2.19
402,san carlos del zulia,VE,2021-01-24 15:43:43,9,-71.9135,84,65,86.46799999999999,3.52
403,aswan,EG,2021-01-24 15:43:44,24.0934,32.907,0,32,58.02799999999996,4.71
404,sayansk,RU,2021-01-24 15:43:44,54.1088,102.1648,100,94,-0.058000000000006935,0.78
405,senmonorom,,,,,,,,
406,turkan,AZ,2021-01-24 15:43:44,40.3639,50.215,75,81,43.06999999999996,5.14
407,cabedelo,BR,2021-01-24 15:43:44,-6.9811,-34.8339,75,78,80.86999999999996,3.6
408,surok,RU,2021-01-24 15:43:44,56.4469,48.1214,75,100,34.06999999999996,7
409,privokzalnyy,,,,,,,,
410,toliary,,,,,,,,
411,scottsbluff,US,2021-01-24 15:43:44,41.8666,-103.6672,40,64,34.06999999999996,6.69
412,springfield,US,2021-01-24 15:43:44,37.2153,-93.2982,90,93,48.272000000000034,2.06
413,kattivakkam,IN,2021-01-24 15:43:44,13.2167,80.3167,40,88,75.46999999999997,2.27
414,ust-karsk,RU,2021-01-24 15:43:44,52.7011,118.8077,100,88,-2.470000000000013,2.09
415,temerloh,MY,2021-01-24 15:43:44,3.4483,102.4176,97,97,72.69800000000004,0.17
416,san ramon,US,2021-01-24 15:43:44,37.7799,-121.978,90,66,52.26799999999999,4.63
417,casper,US,2021-01-24 15:43:44,42.8666,-106.3131,1,74,35.27599999999999,8.23
418,lavrentiya,RU,2021-01-24 15:43:44,65.5833,-171,100,86,0.9499999999999993,0.95
419,bonthe,SL,2021-01-24 15:43:45,7.5264,-12.505,0,79,78.20600000000003,3.53
420,sibu,MY,2021-01-24 15:43:45,2.3,111.8167,20,94,77.26999999999995,0.61
421,ushtobe,KZ,2021-01-24 15:43:45,45.2514,77.9838,43,92,3.919999999999959,2.98
422,ubrique,ES,2021-01-24 15:43:45,36.6778,-5.446,0,94,59.26999999999996,0.66
423,taburao,,,,,,,,
424,evensk,RU,2021-01-24 15:43:45,61.95,159.2333,0,77,-20.109999999999978,5.1
425,filadelfia,US,2021-01-24 15:42:36,39.9523,-75.1638,75,30,36.266000000000005,5.66
426,caravelas,BR,2021-01-24 15:43:45,-17.7125,-39.2481,100,75,79.10600000000002,3.38
427,barra,BR,2021-01-24 15:43:45,-11.0894,-43.1417,22,51,83.33599999999997,3.02
428,awbari,LY,2021-01-24 15:43:45,26.5921,12.7805,0,44,51.38599999999997,1.2
429,qaqortoq,GL,2021-01-24 15:43:45,60.7167,-46.0333,0,29,28.66999999999996,14.92
430,baghdad,IQ,2021-01-24 15:41:56,33.3406,44.4009,0,52,43.06999999999996,1.03
431,pandamatenga,BW,2021-01-24 15:43:45,-18.5278,25.627,99,87,67.65800000000002,0.79
432,myaundzha,RU,2021-01-24 15:43:45,63.0494,147.1858,100,83,-24.267999999999986,0.75
433,rock springs,US,2021-01-24 15:43:45,41.5875,-109.2029,75,69,28.66999999999996,1.54
434,shelburne,CA,2021-01-24 15:43:46,44.0787,-80.2041,100,72,28.27400000000001,2.94
435,palauig,PH,2021-01-24 15:43:46,15.435,119.9045,84,76,79.03399999999999,1.54
436,zlobin,HR,2021-01-24 15:43:46,45.2924,14.6541,100,79,42.27799999999996,0.89
437,luohe,CN,2021-01-24 15:43:46,33.5717,114.0353,100,81,39.88399999999999,4.88
438,pervomayskiy,RU,2021-01-24 15:43:46,53.2485,40.2871,100,88,34.26799999999999,5.54
439,boguchany,RU,2021-01-24 15:43:46,58.3814,97.4531,100,90,-3.279999999999994,0.92
440,erenhot,CN,2021-01-24 15:43:46,43.6475,111.9767,100,91,16.66400000000003,6.02
441,pineville,US,2021-01-24 15:43:46,31.3224,-92.4343,90,100,68.26999999999995,4.63
442,mpika,ZM,2021-01-24 15:43:46,-11.8343,31.4529,100,98,62.708000000000006,1.5
443,bambanglipuro,ID,2021-01-24 15:43:46,-7.95,110.2833,89,85,75.65,2.44
444,zhanatas,,,,,,,,
445,port hardy,CA,2021-01-24 15:42:10,50.6996,-127.4199,90,100,37.66999999999996,1.54
446,boffa,GN,2021-01-24 15:43:46,10.1667,-14.0333,0,80,73.34600000000006,1.95
447,bitung,ID,2021-01-24 15:43:46,1.4451,125.1824,75,100,73.66999999999996,1.03
448,daru,PG,2021-01-24 15:43:46,-9.0763,143.2092,100,87,78.24199999999999,4.91
449,raurkela,,,,,,,,
450,hihifo,,,,,,,,
451,pervomayskoye,RU,2021-01-24 15:43:47,43.919,46.7102,65,88,38.04800000000002,4.63
452,dali,CN,2021-01-24 15:43:47,25.7,100.1833,3,84,41.97200000000004,2.01
453,port blair,IN,2021-01-24 15:43:47,11.6667,92.75,56,70,73.79600000000005,3.6
454,minakuchi,JP,2021-01-24 15:43:47,34.9667,136.1667,70,94,44.27599999999999,0.45
455,dukat,RU,2021-01-24 15:43:47,62.55,155.55,79,79,-40.48600000000002,1.91
456,miracatu,BR,2021-01-24 15:43:47,-24.2814,-47.4597,100,94,74.58800000000005,0.65
457,balykshi,KZ,2021-01-24 15:43:47,47.0667,51.8667,40,100,32.26999999999996,7
458,roald,NO,2021-01-24 15:43:47,62.5833,6.1333,40,60,35.86999999999996,6.17
459,baiyin,CN,2021-01-24 15:43:47,36.5583,104.2081,79,92,25.267999999999983,3
460,iberia,US,2021-01-24 15:43:47,29.9502,-91.7507,90,83,73.66999999999996,6.17
461,antofagasta,CL,2021-01-24 15:43:47,-23.65,-70.4,20,68,70.06999999999996,7.2
462,verkhoyansk,RU,2021-01-24 15:43:47,67.5447,133.385,90,74,-45.616000000000014,0.87
463,lulea,SE,2021-01-24 15:42:40,65.5842,22.1547,90,92,8.869999999999958,3.6
464,ilhabela,BR,2021-01-24 15:43:48,-23.7781,-45.3581,88,80,78.09800000000003,2.25
465,yashalta,RU,2021-01-24 15:43:48,46.3395,42.2762,100,97,31.31600000000001,5.1
466,amderma,,,,,,,,
467,shush,IR,2021-01-24 15:43:48,32.1942,48.2436,1,40,54.03200000000002,2.78
468,okakarara,NA,2021-01-24 15:43:48,-20.5833,17.4333,95,75,70.84399999999997,5.18
469,katsuura,JP,2021-01-24 15:43:48,35.1333,140.3,75,87,43.26799999999999,4.12
470,shambu,ET,2021-01-24 15:43:48,9.5667,37.1,48,69,56.227999999999966,0.58
471,sao filipe,CV,2021-01-24 15:43:48,14.8961,-24.4956,0,70,72.31999999999996,2.28
472,tlaltenango,MX,2021-01-24 15:43:48,19.1667,-98.3333,90,17,73.66999999999996,2.57
473,kazalinsk,,,,,,,,
474,port hawkesbury,CA,2021-01-24 15:43:48,45.6169,-61.3485,90,73,22.261999999999954,3.09
475,kirkland,US,2021-01-24 15:42:57,47.6815,-122.2087,90,87,41.26999999999996,3.09
476,rungata,,,,,,,,
477,dzhebariki-khaya,RU,2021-01-24 15:43:48,62.2167,135.8,96,75,-51.25,0.65
478,ayan,RU,2021-01-24 15:43:49,56.45,138.1667,75,72,-24.87999999999999,6.61
479,bingol,TR,2021-01-24 15:43:49,38.8847,40.4939,100,79,21.77599999999999,1.68
480,lithgow,AU,2021-01-24 15:43:49,-33.4833,150.15,66,74,75.27200000000005,0.65
481,port lincoln,AU,2021-01-24 15:43:49,-34.7333,135.8667,100,66,71.74399999999997,4.38
482,tambacounda,SN,2021-01-24 15:42:26,13.7539,-13.7586,0,18,84.46999999999997,3.09
483,tatishchevo,RU,2021-01-24 15:43:49,51.6703,45.5953,100,98,30.91999999999996,4.83
484,bucerias,MX,2021-01-24 15:43:49,20.75,-105.3333,40,73,75.46999999999997,5.66
485,torit,SS,2021-01-24 15:43:49,4.4133,32.5678,49,42,79.95199999999997,0.68
486,elat,IL,2021-01-24 15:43:49,29.5581,34.9482,0,33,55.66999999999996,3.09
487,ewo,CG,2021-01-24 15:43:49,-0.8725,14.8206,100,76,75.61400000000003,2.01
488,havelock,US,2021-01-24 15:43:49,34.8791,-76.9013,1,34,49.26199999999996,2.06
489,reconquista,AR,2021-01-24 15:40:12,-29.15,-59.65,91,46,91.00399999999996,0.7
490,luang prabang,LA,2021-01-24 15:43:49,19.8856,102.1347,78,72,61.57400000000001,0.19
491,louisbourg,,,,,,,,
492,mormugao,IN,2021-01-24 15:43:50,15.4,73.8,86,70,75.41600000000001,4.37
493,ouadda,CF,2021-01-24 15:43:50,8.0777,22.4007,95,29,74.01199999999996,2.71
494,ponta do sol,PT,2021-01-24 15:43:31,32.6667,-17.1,1,82,59.26999999999996,1.34
495,marrakesh,MA,2021-01-24 15:43:50,31.6315,-8.0083,20,58,59.26999999999996,1.54
496,capaci,IT,2021-01-24 15:43:50,38.1711,13.2393,40,58,57.469999999999956,12.35
497,shebunino,RU,2021-01-24 15:43:50,46.4339,141.8603,78,89,12.398000000000025,2.84
498,yangambi,CD,2021-01-24 15:43:50,0.8102,24.4336,94,89,71.76199999999996,1.51
499,magadan,RU,2021-01-24 15:43:50,59.5667,150.8,99,77,-16.294000000000025,4.5
500,xining,CN,2021-01-24 15:39:09,36.6167,101.7667,100,93,16.44800000000002,0.39
501,pilani,IN,2021-01-24 15:43:50,28.3684,75.6041,0,49,52.483999999999995,2.87
502,bonnyville,CA,2021-01-24 15:43:50,54.2668,-110.735,20,64,-14.529999999999994,3.09
503,bartlesville,US,2021-01-24 15:43:50,36.7473,-95.9808,100,92,47.26400000000003,1.34
504,bajo baudo,,,,,,,,
505,toribio,CO,2021-01-24 15:43:50,2.9548,-76.2684,40,45,88.06999999999996,4.12
506,pangnirtung,CA,2021-01-24 15:43:40,66.1451,-65.7125,20,78,7.069999999999958,1.88
507,kalabo,ZM,2021-01-24 15:43:51,-14.97,22.6814,93,90,67.96400000000003,2.17
508,mapiripan,CO,2021-01-24 15:43:51,2.8892,-72.1256,90,73,81.5,3.12
509,malkangiri,IN,2021-01-24 15:43:51,18.35,81.9,0,66,63.96799999999999,0.42
510,naenwa,,,,,,,,
511,niamey,NE,2021-01-24 15:42:49,13.5137,2.1098,98,10,80.86999999999996,3.09
512,spilimbergo,IT,2021-01-24 15:43:51,46.1125,12.8969,33,87,36.266000000000005,3.69
513,vanavara,RU,2021-01-24 15:43:51,60.34,102.2797,99,88,-17.01399999999998,1.4
514,carikar,,,,,,,,
515,allanmyo,,,,,,,,
516,doha,QA,2021-01-24 15:43:51,25.2867,51.5333,0,72,62.86999999999996,2.57
517,galiwinku,,,,,,,,
518,payson,US,2021-01-24 15:43:51,40.0444,-111.7321,75,75,38.26400000000003,2.57
519,saint-joseph,RE,2021-01-24 15:43:51,-21.3667,55.6167,75,83,79.06999999999996,3.6
520,buraydah,SA,2021-01-24 15:43:52,26.326,43.975,0,38,55.66999999999996,3.6
521,sept-iles,CA,2021-01-24 15:43:36,50.2001,-66.3821,98,60,36.266000000000005,5.66
522,christchurch,NZ,2021-01-24 15:41:01,-43.5333,172.6333,19,77,69.27799999999996,5.14
523,vostok,RU,2021-01-24 15:43:52,46.4856,135.8833,2,92,0.4820000000000171,1.12
524,bintulu,MY,2021-01-24 15:43:52,3.1667,113.0333,20,94,77.26999999999995,1.03
525,ishigaki,JP,2021-01-24 15:43:52,24.3448,124.1572,100,61,65.03000000000004,2.19
526,ca mau,VN,2021-01-24 15:43:52,9.1769,105.15,82,86,73.41799999999998,1.77
527,labuhan,ID,2021-01-24 15:43:52,-6.8844,112.2051,100,89,76.74800000000002,2.96
528,ingleside,US,2021-01-24 15:43:52,27.8778,-97.2117,90,88,75.46999999999997,8.23
529,samfya,ZM,2021-01-24 15:43:52,-11.3649,29.5565,100,94,66.34399999999997,1.05
530,nanchong,CN,2021-01-24 15:43:52,30.7951,106.0847,100,76,48.91999999999996,2.04
531,grandview,US,2021-01-24 15:40:00,38.8858,-94.533,90,75,40.26199999999996,3.6
532,cerritos,US,2021-01-24 15:43:52,33.8583,-118.0648,1,54,60.27799999999996,2.06
533,berlevag,NO,2021-01-24 15:43:52,70.8578,29.0864,75,79,21.469999999999956,5.14
534,stromness,GB,2021-01-24 15:43:53,58.965,-3.296,20,87,35.86999999999996,3.09
535,beringovskiy,RU,2021-01-24 15:43:53,63.05,179.3167,81,90,-1.8759999999999906,5.77
536,yumen,CN,2021-01-24 15:43:53,40.2833,97.2,0,88,16.64600000000005,2.78
537,maniitsoq,GL,2021-01-24 15:43:53,65.4167,-52.9,91,76,16.627999999999965,1.98
538,bluefield,US,2021-01-24 15:43:05,37.2698,-81.2223,90,65,40.26199999999996,2.57
539,wad madani,SD,2021-01-24 15:43:53,14.4012,33.5199,75,30,76.98200000000003,5.85
540,grand gaube,MU,2021-01-24 15:43:53,-20.0064,57.6608,9,90,76.26199999999996,3.29
541,innisfail,AU,2021-01-24 15:43:53,-17.5333,146.0333,100,83,72.93200000000002,2.19
542,verkh-suetka,RU,2021-01-24 15:43:53,53.3,80.05,52,81,-40.432000000000016,2.04
543,college,US,2021-01-24 15:43:53,64.8569,-147.8028,87,90,9.266000000000009,1.05
544,deputatskiy,RU,2021-01-24 15:43:53,69.3,139.9,88,82,-39.24400000000003,2.15
545,norman wells,CA,2021-01-24 15:42:12,65.282,-126.8329,75,84,-12.72999999999999,1.03
546,dhidhdhoo,MV,2021-01-24 15:43:53,6.8833,73.1,66,69,81.95,3.04
547,batticaloa,LK,2021-01-24 15:43:26,7.7102,81.6924,100,77,76.226,4.43
548,samalaeulu,,,,,,,,
549,bud,US,2021-01-24 15:43:54,39.447,-86.1758,100,93,32.26999999999996,1.42
550,mount gambier,AU,2021-01-24 15:43:44,-37.8333,140.7667,40,40,73.66999999999996,4.63
551,mitsamiouli,KM,2021-01-24 15:43:54,-11.3847,43.2844,100,72,81.5,2.39
552,vyshkov,RU,2021-01-24 15:43:54,52.4764,31.6873,90,100,43.06999999999996,6
553,palabuhanratu,,,,,,,,
554,marawi,PH,2021-01-24 15:43:54,7.9986,124.2928,60,90,75.27200000000005,3.13
555,wawa,NG,2021-01-24 15:43:54,9.9022,4.4192,74,18,81.28399999999999,2.57
556,sao felix do xingu,BR,2021-01-24 15:43:49,-6.6447,-51.995,100,85,80.63599999999997,0.59
557,bereda,ES,2021-01-24 15:43:54,43.2686,-7.5406,100,100,50.26999999999996,4.02
558,gwadar,PK,2021-01-24 15:43:54,25.1216,62.3254,0,29,63.319999999999965,6.17
559,beira,MZ,2021-01-24 15:43:54,-19.8436,34.8389,100,74,79.84399999999997,3.53
560,blagodatnoye,RU,2021-01-24 15:43:54,45.3997,42.5867,0,80,30.46999999999996,3
561,makat,KZ,2021-01-24 15:43:54,47.6469,53.3463,100,99,29.858000000000004,6.49
562,aromashevo,RU,2021-01-24 15:43:54,56.8602,68.6375,100,89,-14.367999999999988,5.18
563,kamloops,CA,2021-01-24 15:43:24,50.6665,-120.3192,90,80,26.86999999999996,2.57
564,rebrikha,RU,2021-01-24 15:43:55,53.0733,82.3408,8,81,-39.38799999999999,2.7
565,rock sound,BS,2021-01-24 15:43:55,24.9,-76.2,2,68,74.35399999999996,1.69
566,vila velha,BR,2021-01-24 15:42:46,-20.3297,-40.2925,40,69,82.66999999999996,4.63
567,termiz,UZ,2021-01-24 15:43:55,37.2242,67.2783,100,80,26.86999999999996,2.06
568,altay,CN,2021-01-24 15:43:55,47.8667,88.1167,100,89,3.46999999999996,0.34
569,villarrica,PY,2021-01-24 15:43:55,-25.75,-56.4333,34,76,84.39800000000002,1.75
570,adeje,ES,2021-01-24 15:42:14,28.1227,-16.726,20,82,68.26999999999995,0.51
571,turbat,PK,2021-01-24 15:43:55,26.0023,63.044,0,26,55.70600000000003,6.82
572,ternate,ID,2021-01-24 15:43:55,0.8,127.4,100,83,78.76400000000004,3.4
573,talcahuano,CL,2021-01-24 15:40:15,-36.7167,-73.1167,0,68,70.06999999999996,5.14
574,dolgoderevenskoye,RU,2021-01-24 15:43:55,55.3444,61.3444,75,85,5.269999999999957,1
575,aleksandrov gay,RU,2021-01-24 15:43:55,50.147,48.5704,71,99,29.84000000000002,6.74
576,goure,NE,2021-01-24 15:43:55,13.9835,10.2704,6,12,71.27599999999998,2.68
577,taklisah,TN,2021-01-24 15:43:56,36.7833,10.6333,40,71,55.66999999999996,3.6
578,yunjinghong,,,,,,,,
579,alice springs,AU,2021-01-24 15:40:28,-23.7,133.8833,40,65,79.06999999999996,6.17
580,camocim,BR,2021-01-24 15:43:56,-2.9022,-40.8411,98,76,81.19399999999997,5.71
581,maun,BW,2021-01-24 15:43:56,-19.9833,23.4167,0,89,79.06999999999996,1.03
582,davenda,RU,2021-01-24 15:43:56,53.5556,119.317,100,81,-6.862000000000009,2.55
583,port macquarie,AU,2021-01-24 15:43:56,-31.4333,152.9167,17,99,70.26799999999999,0.45
584,kloulklubed,PW,2021-01-24 15:43:56,7.0419,134.2556,75,83,79.06999999999996,1.54
585,kichera,RU,2021-01-24 15:43:56,55.9375,110.0997,99,78,-3.0459999999999994,4.22
586,de panne,BE,2021-01-24 15:43:56,51.0792,2.5917,99,95,41.26999999999996,4.13
587,isangel,VU,2021-01-24 15:43:56,-19.55,169.2667,75,100,75.46999999999997,5.2
588,sens,FR,2021-01-24 15:43:56,48.1667,3.3333,95,90,33.27799999999996,0.45
589,rairangpur,IN,2021-01-24 15:43:57,22.2676,86.1751,0,68,59.32400000000001,0.63
590,san-pedro,CI,2021-01-24 15:43:57,4.7485,-6.6363,0,86,79.19600000000005,3.78
591,madang,PG,2021-01-24 15:43:57,-5.2246,145.7966,27,85,77.05399999999995,1.73
592,merauke,ID,2021-01-24 15:43:57,-8.4667,140.3333,79,87,79.19600000000005,6.52
593,kazerun,IR,2021-01-24 15:43:57,29.6195,51.6541,0,50,48.434,0.2
594,baghmara,IN,2021-01-24 15:43:57,23.795,86.2085,0,50,57.84800000000003,0.51
595,sobolevo,RU,2021-01-24 15:43:57,54.4299,31.8996,100,98,36.62599999999999,6.97
596,karaton,ID,2021-01-24 15:43:57,-6.3424,106.1045,20,94,77.26999999999995,1.54
597,bela,IN,2021-01-24 15:43:57,25.9333,81.9833,0,71,53.94199999999999,1.64
598,luban,PL,2021-01-24 15:43:57,51.1201,15.2877,97,91,32.26999999999996,1.34
599,coihueco,CL,2021-01-24 15:41:19,-36.6167,-71.8333,0,19,91.66999999999996,3.6
600,khymchyn,UA,2021-01-24 15:43:57,48.3864,25.148,71,85,36.122000000000035,1.69
601,asau,RO,2021-01-24 15:43:57,46.4333,26.4,77,68,34.26799999999999,0.98
602,gerash,IR,2021-01-24 15:43:57,27.6652,54.1371,0,43,50.26999999999996,1.5
603,cockburn town,TC,2021-01-24 15:43:57,21.4612,-71.1419,40,69,79.06999999999996,5.14
604,tumannyy,,,,,,,,
605,campbell river,CA,2021-01-24 15:43:58,50.0163,-125.2446,90,100,35.27599999999999,1.54
606,yulara,AU,2021-01-24 15:43:57,-25.2406,130.9889,4,73,79.06999999999996,4.63
607,suzu,,,,,,,,
608,tura,IN,2021-01-24 15:43:05,25.5198,90.2201,0,62,57.667999999999985,1.16
609,erzin,TR,2021-01-24 15:43:58,36.9559,36.2,0,60,47.26400000000003,4.47
610,atar,MR,2021-01-24 15:43:58,20.5169,-13.0499,100,17,70.53800000000004,3.08
611,bubaque,GW,2021-01-24 15:43:58,11.2833,-15.8333,0,59,79.53800000000004,3.85
612,la ronge,CA,2021-01-24 15:43:58,55.1001,-105.2842,48,69,-23.529999999999994,1.03
613,bokspits,,,,,,,,
614,serebryanyy bor,RU,2021-01-24 15:43:58,56.8,124.8,0,78,-38.61399999999999,0.43
